elo_a,elo_b,elo_diff,elo_win_prob_a,elo_draw_prob,attack_diff,defense_diff,form_diff,wc_exp_diff,lambda_a,lambda_b,lambda_diff,same_conf,attack_interaction,defense_interaction,style_diff,squad_score_diff,squad_rating_diff,ucl_players_diff,star_player_diff,coach_rating_diff,age_factor_diff,climate_adv_diff,alt_penalty,heat_penalty,days_rest_diff,travel_km_diff,jetlag_diff,fatigue_diff,weighted_form_diff,form_dominance,label,year,team_a,team_b,goals_a,goals_b
1930,1810,120,0.5063,0.24,0.48,-0.1399999999999999,0.13,16.0,1.6732,1.04,0.6332,0,2.314,0.752,0.6199999999999999,13.8,4,5,1,-0.3,0.12,-0.18,0.15,0.0,0,0.0,-5.0,-0.1042,0.13,0.13,2,2014,Brazil,Croatia,3,1
1780,1500,280,0.678,0.1867,0.3500000000000001,-0.020000000000000018,0.09999999999999998,15.0,1.4850000000000003,1.08,0.40500000000000025,0,1.35,1.1880000000000002,0.3700000000000001,3.3,4,1,0,0.2,0.0,-0.225,0.15,0.0,-4391,0.0,-6.0,250.6179,0.1,0.1,2,2014,Mexico,Cameroon,1,0
1930,1780,150,0.5416,0.23,0.42999999999999994,-0.28,0.19999999999999996,5.0,1.9224,1.08,0.8424,0,2.403,0.8640000000000001,0.71,18.4,6,7,1,0.5,0.0,0.045,0.15,0.0,4387,0.0,3.0,-250.4518,0.2,0.2,1,2014,Brazil,Mexico,0,0
1500,1810,-310,0.1184,0.1767,-0.30000000000000004,0.16000000000000014,-0.16999999999999993,-4.0,0.94,1.4300000000000002,-0.4900000000000002,0,1.3,1.034,-0.4600000000000002,-7.9,-6,-3,0,-1.0,0.12,0.0,0.15,0.0,0,0.0,-2.0,-0.0417,-0.17,0.17,0,2014,Cameroon,Croatia,0,4
1500,1930,-430,0.067,0.1367,-0.78,0.30000000000000004,-0.29999999999999993,-20.0,0.8,1.9580000000000002,-1.1580000000000001,0,1.78,0.8800000000000001,-1.08,-21.7,-10,-8,-1,-0.7,0.0,0.18,0.15,0.0,0,0.0,3.0,0.0625,-0.3,0.3,0,2014,Cameroon,Brazil,1,4
1810,1780,30,0.3964,0.27,-0.050000000000000044,-0.14000000000000012,0.06999999999999995,-11.0,1.4040000000000001,1.269,0.13500000000000023,0,1.7550000000000001,1.0152,0.09000000000000008,4.6,2,2,0,0.8,-0.12,0.225,0.15,0.0,4381,0.0,8.0,-250.0047,0.07,0.07,0,2014,Croatia,Mexico,1,3
1970,1900,70,0.4456,0.2567,0.17999999999999994,-0.09999999999999998,0.07999999999999996,5.0,1.602,1.2800000000000002,0.32199999999999984,1,2.8480000000000003,0.7200000000000001,0.2799999999999999,4.7,3,2,0,0.5,-0.05,0.0,0.15,0.0,0,0.0,0.0,0.0,0.08,0.08,0,2014,Spain,Netherlands,1,5
1500,1670,-170,0.2122,0.2233,0.020000000000000018,0.020000000000000018,-0.029999999999999916,-4.0,1.08,1.078,0.0020000000000000018,0,0.98,1.1880000000000002,0.0,0.0,0,0,0,0.0,0.0,0.0,0.15,0.0,0,0.0,-10.0,-0.125,-0.03,0.03,2,2014,Chile,Australia,3,1
1670,1900,-230,0.1674,0.2033,-0.6200000000000001,0.18000000000000005,-0.19000000000000006,-5.0,0.882,1.7280000000000002,-0.8460000000000002,0,1.568,0.9720000000000001,-0.8000000000000002,-20.3,-9,-7,-1,-1.2,0.0,0.0,0.15,0.0,-4389,0.0,8.0,250.7119,-0.19,0.19,0,2014,Australia,Netherlands,2,3
1970,1500,470,0.8217,0.1233,0.78,-0.30000000000000004,0.29999999999999993,14.0,1.9580000000000002,0.8,1.1580000000000001,0,1.78,0.8800000000000001,1.08,25.0,12,9,1,1.7,-0.05,0.0,0.08,0.02,0,0.0,2.0,0.0417,0.3,0.3,0,2014,Spain,Chile,0,2
1670,1970,-300,0.1238,0.18,-0.8,0.28,-0.27,-10.0,0.784,1.9224,-1.1384,0,1.7444,0.8640000000000001,-1.08,-25.0,-12,-9,-1,-1.7,0.05,0.0,0.08,0.02,-4384,476.6,8.0,250.4818,-0.27,0.27,0,2014,Australia,Spain,0,3
1900,1500,400,0.7758,0.1467,0.6000000000000001,-0.20000000000000007,0.21999999999999997,9.0,1.7600000000000002,0.9,0.8600000000000002,0,1.6,0.9900000000000001,0.8000000000000002,20.3,9,7,1,1.2,0.0,0.0,0.08,0.02,-4384,0.0,2.0,250.3845,0.22,0.22,2,2014,Netherlands,Chile,2,0
1830,1500,330,0.722,0.17,0.41999999999999993,-0.16000000000000014,0.16999999999999993,4.0,1.562,0.94,0.6220000000000001,0,1.42,1.034,0.5800000000000001,7.6,6,3,0,0.7,0.0,-0.12,0.08,0.02,0,0.0,-5.0,-0.1042,0.17,0.17,2,2014,Colombia,Greece,3,0
1500,1760,-260,0.1476,0.1933,-0.25,0.1200000000000001,-0.1399999999999999,-6.0,0.98,1.375,-0.395,0,1.25,1.078,-0.3700000000000001,-4.9,-3,-2,0,-0.7,0.0,0.0,0.08,0.02,4393,0.0,-9.0,-250.9821,-0.14,0.14,2,2014,Côte d'Ivoire,Japan,2,1
1830,1500,330,0.722,0.17,0.41999999999999993,-0.16000000000000014,0.16999999999999993,4.0,1.562,0.94,0.6220000000000001,0,1.42,1.034,0.5800000000000001,7.6,6,3,0,0.7,0.0,-0.12,0.08,0.02,0,0.0,-5.0,-0.1042,0.17,0.17,2,2014,Colombia,Côte d'Ivoire,2,1
1760,1500,260,0.6591,0.1933,0.25,-0.1200000000000001,0.1399999999999999,6.0,1.375,0.98,0.395,0,1.25,1.078,0.3700000000000001,4.9,3,2,0,0.7,0.0,0.0,0.08,0.02,-4388,0.0,9.0,250.6964,0.14,0.14,1,2014,Japan,Greece,0,0
1760,1830,-70,0.2978,0.2567,-0.16999999999999993,0.040000000000000036,-0.030000000000000027,2.0,1.1749999999999998,1.3916,-0.21660000000000013,0,1.775,0.9211999999999999,-0.20999999999999996,-2.7,-3,-1,0,0.0,0.0,0.12,0.08,0.02,-4383,0.0,14.0,250.5149,-0.03,0.03,0,2014,Japan,Colombia,1,4
1500,1500,0,0.36,0.28,0.0,0.0,0.0,0.0,1.1,1.1,0.0,1,1.0,1.2100000000000002,0.0,0.0,0,0,0,0.0,0.0,0.0,0.08,0.02,0,0.0,0.0,0.0,0.0,0.0,2,2014,Greece,Côte d'Ivoire,2,1
1820,1500,320,0.7136,0.1733,0.41999999999999993,-0.20000000000000007,0.17999999999999994,12.0,1.562,0.9,0.662,0,1.42,0.9900000000000001,0.62,7.6,6,3,0,0.7,-0.05,-0.108,0.03,0.06,-4395,640.8,-3.0,250.9837,0.18,0.18,0,2014,Uruguay,Costa Rica,1,3
1920,1500,420,0.7896,0.14,0.6200000000000001,-0.20000000000000007,0.25,14.0,1.7820000000000003,0.9,0.8820000000000002,0,1.62,0.9900000000000001,0.8200000000000002,10.4,3,3,1,-0.3,0.0,0.0,0.03,0.06,0,0.0,-1.0,-0.0209,0.25,0.25,0,2014,England,Italy,1,2
1820,1920,-100,0.2712,0.2467,-0.20000000000000018,0.0,-0.07000000000000006,-2.0,1.278,1.4580000000000002,-0.18000000000000016,0,2.3004000000000002,0.81,-0.20000000000000018,-14.1,-4,-5,-1,0.0,-0.05,-0.108,0.03,0.06,-4390,640.8,-4.0,250.6772,-0.07,0.07,2,2014,Uruguay,England,2,1
1500,1500,0,0.36,0.28,0.0,0.0,0.0,0.0,1.1,1.1,0.0,1,1.0,1.2100000000000002,0.0,11.3,7,5,0,1.0,0.0,0.0,0.03,0.06,0,0.0,2.0,0.0417,0.0,0.0,0,2014,Italy,Costa Rica,0,1
1500,1820,-320,0.1131,0.1733,-0.41999999999999993,0.20000000000000007,-0.17999999999999994,-12.0,0.9,1.562,-0.662,0,1.42,0.9900000000000001,-0.62,3.7,1,2,0,0.3,0.05,0.108,0.03,0.06,4385,-640.8,5.0,-250.3706,-0.18,0.18,0,2014,Italy,Uruguay,0,1
1500,1920,-420,0.0704,0.14,-0.6200000000000001,0.20000000000000007,-0.25,-14.0,0.9,1.7820000000000003,-0.8820000000000002,0,1.62,0.9900000000000001,-0.8200000000000002,-21.7,-10,-8,-1,-0.7,0.0,0.0,0.03,0.06,4386,0.0,-1.0,-250.478,-0.25,0.25,1,2014,Costa Rica,England,0,0
1790,1710,80,0.4578,0.2533,0.17999999999999994,-0.10000000000000009,0.08999999999999997,8.0,1.352,1.0528,0.29920000000000013,0,1.4560000000000002,0.9776,0.28,6.8,4,3,0,0.7,0.0,0.108,0.03,0.06,2,77.10000000000002,7.0,0.0406,0.09,0.09,2,2014,Switzerland,Ecuador,2,1
1950,1500,450,0.8093,0.13,0.8,-0.30000000000000004,0.2799999999999999,14.0,1.9800000000000002,0.8,1.1800000000000002,0,1.8,0.8800000000000001,1.1,24.5,12,9,1,1.2,0.0,0.0,0.03,0.06,-4394,640.8,2.0,251.0307,0.28,0.28,2,2014,France,Honduras,3,0
1790,1950,-160,0.2202,0.2267,-0.5,0.1399999999999999,-0.13,-4.0,1.04,1.692,-0.6519999999999999,1,2.3400000000000003,0.752,-0.6399999999999999,-17.3,-7,-6,-1,-0.5,0.0,0.0,0.03,0.06,-2,-640.8,0.0,0.0395,-0.13,0.13,0,2014,Switzerland,France,2,5
1500,1710,-210,0.1816,0.21,-0.1200000000000001,0.06000000000000005,-0.05999999999999994,-2.0,1.04,1.2320000000000002,-0.19200000000000017,0,1.12,1.1440000000000001,-0.18000000000000016,-0.4,-1,0,0,0.0,0.0,0.12,0.0,0.1,4388,-1481.8,5.0,-250.6401,-0.06,0.06,0,2014,Honduras,Ecuador,1,2
1500,1790,-290,0.1294,0.1833,-0.30000000000000004,0.16000000000000014,-0.1499999999999999,-10.0,0.94,1.4300000000000002,-0.4900000000000002,0,1.3,1.034,-0.4600000000000002,-7.2,-5,-3,0,-0.7,0.0,0.0,0.0,0.1,4386,-846.5,-2.0,-250.5975,-0.15,0.15,0,2014,Honduras,Switzerland,0,3
1710,1950,-240,0.1606,0.2,-0.6799999999999999,0.24,-0.21999999999999997,-12.0,0.8960000000000001,1.872,-0.976,0,2.0160000000000005,0.8320000000000001,-0.9199999999999999,-24.1,-11,-9,-1,-1.2,0.0,-0.12,0.0,0.1,1,0.0,-7.0,-0.203,-0.22,0.22,1,2014,Ecuador,France,0,0
2000,1500,500,0.8395,0.1133,0.8500000000000001,-0.32000000000000006,0.35,16.0,2.035,0.78,1.2550000000000001,0,1.85,0.8580000000000001,1.1700000000000002,25.5,12,9,1,2.2,0.0,-0.12,0.0,0.1,-4395,846.5,-3.0,251.0077,0.35,0.35,2,2014,Argentina,Bosnia-Herzegovina,2,1
1690,1500,190,0.5868,0.2167,-0.07999999999999996,-0.040000000000000036,0.039999999999999925,4.0,1.0120000000000002,1.06,-0.04799999999999982,0,0.92,1.1660000000000001,-0.039999999999999925,-0.3,0,0,0,-0.3,-0.05,0.0,0.0,0.1,-4393,1481.8,3.5,251.1029,0.04,0.04,1,2014,Iran,Nigeria,0,0
2000,1690,310,0.705,0.1767,0.93,-0.28,0.31000000000000005,12.0,1.9610000000000003,0.7176,1.2434000000000003,0,1.7020000000000002,0.8268000000000001,1.21,25.8,12,9,1,2.5,0.05,-0.12,0.0,0.1,-1,-635.3,-6.5,-0.1524,0.31,0.31,2,2014,Argentina,Iran,1,0
1500,1500,0,0.36,0.28,0.0,0.0,0.0,0.0,1.1,1.1,0.0,1,1.0,1.2100000000000002,0.0,0.0,0,0,0,0.0,0.0,0.0,0.0,0.1,0,0.0,0.0,0.0,0.0,0.0,2,2014,Nigeria,Bosnia-Herzegovina,1,0
1500,2000,-500,0.0472,0.1133,-0.8500000000000001,0.32000000000000006,-0.35,-16.0,0.78,2.035,-1.2550000000000001,0,1.85,0.8580000000000001,-1.1700000000000002,-25.5,-12,-9,-1,-2.2,0.0,0.12,0.0,0.1,4385,-846.5,3.0,-250.4362,-0.35,0.35,0,2014,Nigeria,Argentina,2,3
1500,1690,-190,0.1966,0.2167,0.07999999999999996,0.040000000000000036,-0.039999999999999925,-4.0,1.06,1.0120000000000002,0.04799999999999982,0,0.92,1.1660000000000001,0.039999999999999925,0.3,0,0,0,0.3,0.05,0.0,0.0,0.1,4384,-1481.8,-3.5,-250.5886,-0.04,0.04,2,2014,Bosnia-Herzegovina,Iran,3,1
1880,1910,-30,0.3336,0.27,-0.10000000000000009,0.06000000000000005,-0.040000000000000036,12.0,1.3776,1.566,-0.18840000000000012,1,2.8535999999999997,0.756,-0.16000000000000014,-5.7,-1,0,-1,-0.3,0.0,0.0,0.0,0.02,-3,10.200000000000045,0.0,0.1726,-0.04,0.04,2,2014,Germany,Portugal,4,0
1660,1780,-120,0.2537,0.24,-0.40000000000000013,0.040000000000000036,-0.09000000000000008,-7.0,1.0282,1.5070000000000003,-0.47880000000000034,0,1.3289,1.1660000000000001,-0.44000000000000017,-6.3,-4,-3,0,-0.2,0.05,0.01,0.0,0.02,1,-10.200000000000045,5.0,0.0458,-0.09,0.09,0,2014,Ghana,USA,1,2
1880,1660,220,0.6189,0.2067,0.6699999999999999,-0.20000000000000007,0.19000000000000006,16.0,1.804,0.873,0.931,0,1.5907999999999998,0.9900000000000001,0.87,14.8,9,7,0,0.7,0.0,0.02,0.0,0.02,-2,10.200000000000045,2.0,0.1571,0.19,0.19,1,2014,Germany,Ghana,2,2
1780,1910,-130,0.2452,0.2367,-0.3699999999999999,0.22000000000000008,-0.14,3.0,1.1508,1.8444,-0.6936,0,2.3838000000000004,0.8904,-0.59,-14.2,-6,-4,-1,-0.8,-0.05,-0.03,0.0,0.02,-2,10.200000000000045,-7.0,-0.0304,-0.14,0.14,1,2014,USA,Portugal,2,2
1780,1880,-100,0.2712,0.2467,-0.2699999999999998,0.16000000000000003,-0.09999999999999998,-9.0,1.233,1.7384,-0.5053999999999998,0,2.2468,0.9540000000000001,-0.4299999999999998,-8.5,-5,-4,0,-0.5,-0.05,-0.03,0.0,0.02,1,0.0,-7.0,-0.203,-0.1,0.1,0,2014,USA,Germany,0,1
1910,1660,250,0.6493,0.1967,0.77,-0.2600000000000001,0.2300000000000001,4.0,1.9140000000000001,0.8148,1.0992000000000002,0,1.6878,0.924,1.0300000000000002,20.5,10,7,1,1.0,0.0,0.02,0.0,0.02,1,0.0,2.0,-0.0155,0.23,0.23,2,2014,Portugal,Ghana,2,1
1860,1700,160,0.5531,0.2267,0.52,-0.18000000000000005,0.14,10.0,1.6632000000000002,0.918,0.7452000000000002,0,1.5708,0.9720000000000001,0.7000000000000001,10.5,7,5,0,0.2,-0.05,0.02,0.0,0.02,-4,-1964.1,2.0,0.0411,0.14,0.14,2,2014,Belgium,Algeria,2,1
1500,1730,-230,0.1674,0.2033,-0.19999999999999996,0.06000000000000005,-0.08999999999999997,-9.0,1.04,1.32,-0.28,0,1.2,1.1440000000000001,-0.26,-4.4,-3,-2,0,-0.2,0.0,0.0,0.0,0.02,4395,-1974.3,-9.0,-251.306,-0.09,0.09,1,2014,Russia,South Korea,1,1
1860,1500,360,0.7461,0.16,0.54,-0.20000000000000007,0.18999999999999995,12.0,1.6940000000000002,0.9,0.7940000000000002,0,1.54,0.9900000000000001,0.7400000000000001,12.4,8,6,0,0.2,-0.05,0.0,0.0,0.02,-4392,0.0,2.0,250.8417,0.19,0.19,2,2014,Belgium,Russia,1,0
1730,1700,30,0.3964,0.27,0.17999999999999994,-0.040000000000000036,0.040000000000000036,7.0,1.296,1.0608,0.23520000000000008,0,1.224,1.1232000000000002,0.21999999999999997,2.5,2,1,0,0.2,0.0,0.0,0.0,0.0,4,1810.2000000000003,9.0,0.0868,0.04,0.04,0,2014,South Korea,Algeria,2,4
1730,1860,-130,0.2452,0.2367,-0.3400000000000001,0.14,-0.09999999999999998,-3.0,1.08,1.6016000000000001,-0.5216000000000001,0,1.8479999999999999,0.936,-0.4800000000000001,-8.0,-5,-4,0,0.0,0.05,0.0,0.0,0.0,2,1810.2000000000003,7.0,0.1594,-0.1,0.1,0,2014,South Korea,Belgium,0,1
1700,1500,200,0.5977,0.2133,0.020000000000000018,-0.020000000000000018,0.04999999999999993,2.0,1.122,1.08,0.04200000000000004,0,1.02,1.1880000000000002,0.040000000000000036,1.9,1,1,0,0.0,0.0,0.0,0.0,0.0,-4390,504.6,0.0,250.7446,0.05,0.05,1,2014,Algeria,Russia,1,1
1930,1500,430,0.7963,0.1367,0.78,-0.30000000000000004,0.29999999999999993,20.0,1.9580000000000002,0.8,1.1580000000000001,0,1.78,0.8800000000000001,1.08,21.7,10,8,1,0.7,0.0,-0.0,0.0,0.0,-4385,2314.8,-3.0,250.6076,0.3,0.3,1,2014,Brazil,Chile,1,1
1830,1820,10,0.3721,0.2767,0.0,0.039999999999999925,-0.010000000000000009,-8.0,1.278,1.3347999999999998,-0.05679999999999974,1,2.0164,0.846,-0.039999999999999925,0.0,0,0,0,0.0,0.05,0.0,0.0,0.0,-2,-504.6,-2.0,0.0137,-0.01,0.01,2,2014,Colombia,Uruguay,2,0
1900,1780,120,0.5063,0.24,0.25,-0.18000000000000005,0.12,-6.0,1.7280000000000002,1.215,0.5130000000000001,0,2.16,0.9720000000000001,0.43000000000000005,17.0,5,6,1,1.0,0.0,0.0,0.0,0.0,-1,0.0,8.0,0.2238,0.12,0.12,2,2014,Netherlands,Mexico,2,1
1500,1500,0,0.36,0.28,0.0,0.0,0.0,0.0,1.1,1.1,0.0,1,1.0,1.2100000000000002,0.0,0.0,0,0,0,0.0,0.0,0.0,0.0,0.0,0,0.0,0.0,0.0,0.0,0.0,1,2014,Costa Rica,Greece,1,1
1950,1500,450,0.8093,0.13,0.8,-0.30000000000000004,0.2799999999999999,14.0,1.9800000000000002,0.8,1.1800000000000002,0,1.8,0.8800000000000001,1.1,24.5,12,9,1,1.2,0.0,0.0,0.0,0.0,-4385,504.6,2.0,250.5006,0.28,0.28,2,2014,France,Nigeria,2,0
1880,1700,180,0.5757,0.22,0.6199999999999999,-0.18000000000000005,0.16000000000000003,16.0,1.7712,0.918,0.8532000000000001,0,1.6727999999999998,0.9720000000000001,0.7999999999999999,12.9,8,6,0,0.7,0.0,0.0,0.0,0.0,3,1810.2000000000003,2.0,0.0815,0.16,0.16,1,2014,Germany,Algeria,0,0
2000,1790,210,0.6084,0.21,0.55,-0.15999999999999992,0.20000000000000007,6.0,1.7389999999999999,1.014,0.7249999999999999,0,2.4050000000000002,0.7332,0.71,18.3,7,6,1,1.5,0.0,-0.0,0.0,0.0,2,419.39999999999986,-5.0,-0.1695,0.2,0.2,1,2014,Argentina,Switzerland,0,0
1860,1780,80,0.4578,0.2533,0.16999999999999993,-0.16000000000000003,0.07999999999999996,3.0,1.6324,1.233,0.3994,0,2.1098000000000003,0.9540000000000001,0.32999999999999996,6.1,4,3,0,0.0,0.0,0.0,0.0,0.0,-2,-1132.3000000000002,7.0,0.128,0.08,0.08,1,2014,Belgium,USA,0,0
1950,1880,70,0.4456,0.2567,0.16000000000000014,-0.09999999999999998,0.06999999999999995,-4.0,1.62,1.312,0.30800000000000005,1,2.952,0.7200000000000001,0.2600000000000001,9.7,3,2,1,0.5,0.0,0.0,0.0,0.0,3,1553.1,0.0,0.0097,0.07,0.07,0,2014,France,Germany,0,1
1930,1830,100,0.4822,0.2467,0.3600000000000001,-0.1399999999999999,0.13,16.0,1.6732,1.136,0.5372000000000001,1,2.5276,0.752,0.5,14.1,4,5,1,0.0,0.0,0.0,0.0,0.0,-1,0.0,2.0,0.0989,0.13,0.13,2,2014,Brazil,Colombia,2,1
2000,1860,140,0.5299,0.2333,0.31000000000000005,-0.12,0.16000000000000003,4.0,1.665,1.2012,0.4638,0,2.849,0.7020000000000001,0.43000000000000005,13.1,4,3,1,2.0,0.05,-0.0,0.0,0.0,-1,0.0,-5.0,-0.047,0.16,0.16,2,2014,Argentina,Belgium,1,0
1900,1500,400,0.7758,0.1467,0.6000000000000001,-0.20000000000000007,0.21999999999999997,9.0,1.7600000000000002,0.9,0.8600000000000002,0,1.6,0.9900000000000001,0.8000000000000002,20.3,9,7,1,1.2,0.0,0.0,0.0,0.0,-4384,0.0,2.0,250.3846,0.22,0.22,1,2014,Netherlands,Costa Rica,0,0
1930,1880,50,0.421,0.2633,0.14000000000000012,-0.09999999999999998,0.08999999999999997,2.0,1.602,1.312,0.29000000000000004,0,2.9192,0.7200000000000001,0.2400000000000001,6.9,1,1,1,0.0,0.0,-0.0,0.0,0.0,0,1133.7,-5.0,0.0281,0.09,0.09,0,2014,Brazil,Germany,1,7
1900,2000,-100,0.2712,0.2467,-0.25,0.12,-0.13,-7.0,1.2480000000000002,1.665,-0.4169999999999998,0,2.9600000000000004,0.7020000000000001,-0.37,-5.2,-3,-2,0,-1.0,0.0,0.0,0.0,0.0,-4,-1553.1,5.0,0.1516,-0.13,0.13,1,2014,Netherlands,Argentina,0,0
1930,1900,30,0.3964,0.27,0.17999999999999994,-0.09999999999999998,0.07999999999999996,11.0,1.602,1.2800000000000002,0.32199999999999984,0,2.8480000000000003,0.7200000000000001,0.2799999999999999,1.4,1,1,0,-0.5,0.0,-0.0,0.0,0.0,1,1133.7,-5.0,-0.0291,0.08,0.08,0,2014,Brazil,Netherlands,0,3
1880,2000,-120,0.2537,0.24,-0.2100000000000002,0.12,-0.14,2.0,1.2792,1.665,-0.38580000000000014,0,3.034,0.7020000000000001,-0.3300000000000002,-10.7,-3,-2,-1,-1.5,0.0,0.0,0.0,0.0,-3,-1552.9,5.0,0.0944,-0.14,0.14,1,2014,Germany,Argentina,0,0
1500,1640,-140,0.2367,0.2333,0.07999999999999996,-0.029999999999999805,0.0,-4.0,1.13,1.0120000000000002,0.11799999999999966,0,0.92,1.2429999999999999,0.10999999999999976,2.3,2,1,0,0.0,0.0,0.0,0.15,0.0,0,0.0,-3.0,-0.0625,0.0,0.0,2,2018,Russia,Saudi Arabia,5,0
1690,1820,-130,0.2452,0.2367,-0.3999999999999999,0.18000000000000005,-0.14,-11.0,0.918,1.5336,-0.6156,0,1.4484,0.9720000000000001,-0.58,-7.2,-5,-3,0,-0.7,0.05,0.03,0.15,0.0,0,0.0,5.0,0.1042,-0.14,0.14,0,2018,Egypt,Uruguay,0,1
1500,1690,-190,0.1966,0.2167,-0.020000000000000018,0.020000000000000018,-0.039999999999999925,-1.0,1.08,1.122,-0.04200000000000004,0,1.02,1.1880000000000002,-0.040000000000000036,-0.4,-1,0,0,0.0,0.0,0.15,0.15,0.0,0,0.0,-2.0,-0.0417,-0.04,0.04,2,2018,Russia,Egypt,3,1
1820,1640,180,0.5757,0.22,0.4999999999999999,-0.22999999999999987,0.17999999999999994,8.0,1.6045999999999998,0.8280000000000001,0.7765999999999997,0,1.3064,1.017,0.7299999999999998,9.9,8,4,0,0.7,-0.05,-0.18,0.15,0.0,0,0.0,-6.0,-0.125,0.18,0.18,2,2018,Uruguay,Saudi Arabia,1,0
1820,1500,320,0.7136,0.1733,0.41999999999999993,-0.20000000000000007,0.17999999999999994,12.0,1.562,0.9,0.662,0,1.42,0.9900000000000001,0.62,7.6,6,3,0,0.7,-0.05,-0.18,0.15,0.0,0,0.0,-3.0,-0.0625,0.18,0.18,2,2018,Uruguay,Russia,3,0
1640,1690,-50,0.3157,0.2633,-0.09999999999999998,0.04999999999999982,-0.039999999999999925,3.0,0.9936000000000001,1.1525999999999998,-0.1589999999999997,0,0.9384,1.2204,-0.1499999999999998,-2.7,-3,-1,0,0.0,0.0,0.15,0.15,0.0,0,0.0,1.0,0.0208,-0.04,0.04,2,2018,Saudi Arabia,Egypt,2,1
1840,1690,150,0.5416,0.23,0.4,-0.18000000000000005,0.14,0.0,1.3992000000000002,0.8096,0.5896000000000002,0,1.2144000000000001,0.9328000000000001,0.5800000000000001,9.5,5,4,0,1.5,0.05,-0.15,0.15,0.0,-2931,0.0,-2.5,167.2622,0.14,0.14,0,2018,Morocco,Iran,0,1
1910,1970,-60,0.3067,0.26,-0.040000000000000036,0.039999999999999925,-0.04999999999999993,-8.0,1.3920000000000001,1.4951999999999999,-0.10319999999999974,1,3.0972,0.672,-0.07999999999999996,-4.5,-2,-2,0,-0.7,0.05,0.0,0.15,0.0,0,0.0,0.0,0.0,-0.05,0.05,1,2018,Portugal,Spain,3,3
1910,1840,70,0.4456,0.2567,0.41999999999999993,-0.040000000000000036,0.07000000000000006,2.0,1.5312,1.1088,0.4223999999999999,0,2.2968,0.7392,0.45999999999999996,11.3,5,3,1,-0.2,0.0,0.15,0.15,0.0,2926,0.0,1.0,-167.0077,0.07,0.07,2,2018,Portugal,Morocco,1,0
1690,1970,-280,0.1353,0.1867,-0.86,0.26,-0.26,-10.0,0.7360000000000001,1.8868,-1.1507999999999998,0,1.6376000000000002,0.8480000000000001,-1.12,-25.3,-12,-9,-1,-2.0,0.0,0.0,0.08,0.02,0,0.0,1.5,0.0312,-0.26,0.26,0,2018,Iran,Spain,0,1
1690,1910,-220,0.1744,0.2067,-0.82,0.22000000000000008,-0.21000000000000008,-2.0,0.7728,1.8444,-1.0716,0,1.6008,0.8904,-1.04,-20.8,-10,-7,-1,-1.3,-0.05,0.0,0.08,0.02,0,0.0,1.5,0.0312,-0.21,0.21,1,2018,Iran,Portugal,1,1
1970,1840,130,0.5182,0.2367,0.45999999999999996,-0.07999999999999996,0.12,10.0,1.5664,1.056,0.5104,0,2.3496,0.7040000000000001,0.5399999999999999,15.8,7,5,1,0.5,-0.05,0.1,0.08,0.02,2921,-476.6,1.0,-166.7776,0.12,0.12,1,2018,Spain,Morocco,2,2
1950,1670,280,0.678,0.1867,0.8200000000000001,-0.28,0.25,10.0,1.9440000000000002,0.784,1.1600000000000001,0,1.764,0.8640000000000001,1.1,24.5,12,9,1,1.2,0.0,0.0,0.08,0.02,2930,-476.6,-8.0,-167.396,0.25,0.25,2,2018,France,Australia,2,1
1500,1500,0,0.36,0.28,0.0,0.0,0.0,0.0,1.1,1.1,0.0,1,1.0,1.2100000000000002,0.0,-9.1,-6,-4,0,-0.7,0.0,0.0,0.08,0.02,0,0.0,-2.0,-0.0417,0.0,0.0,0,2018,Peru,Denmark,0,1
1500,1670,-170,0.2122,0.2233,0.020000000000000018,0.020000000000000018,-0.029999999999999916,-4.0,1.08,1.078,0.0020000000000000018,0,0.98,1.1880000000000002,0.0,9.1,6,4,0,0.7,0.0,0.0,0.08,0.02,2925,-476.6,-8.0,-167.1103,-0.03,0.03,1,2018,Denmark,Australia,1,1
1950,1500,450,0.8093,0.13,0.8,-0.30000000000000004,0.2799999999999999,14.0,1.9800000000000002,0.8,1.1800000000000002,0,1.8,0.8800000000000001,1.1,24.5,12,9,1,1.2,0.0,0.0,0.08,0.02,0,0.0,2.0,0.0417,0.28,0.28,2,2018,France,Peru,1,0
1500,1950,-450,0.0607,0.13,-0.8,0.30000000000000004,-0.2799999999999999,-14.0,0.8,1.9800000000000002,-1.1800000000000002,0,1.8,0.8800000000000001,-1.1,-15.4,-6,-5,-1,-0.5,0.0,0.0,0.08,0.02,0,0.0,0.0,0.0,-0.28,0.28,1,2018,Denmark,France,0,0
1670,1500,170,0.5645,0.2233,-0.020000000000000018,-0.020000000000000018,0.029999999999999916,4.0,1.078,1.08,-0.0020000000000000018,0,0.98,1.1880000000000002,0.0,0.0,0,0,0,0.0,0.0,0.0,0.08,0.02,-2920,476.6,10.0,166.8663,0.03,0.03,0,2018,Australia,Peru,0,2
2000,1500,500,0.8395,0.1133,0.8500000000000001,-0.32000000000000006,0.35,16.0,2.035,0.78,1.2550000000000001,0,1.85,0.8580000000000001,1.1700000000000002,25.5,12,9,1,2.2,0.0,-0.108,0.03,0.06,0,0.0,-3.0,-0.0625,0.35,0.35,1,2018,Argentina,Iceland,1,1
1810,1500,310,0.705,0.1767,0.30000000000000004,-0.16000000000000014,0.16999999999999993,4.0,1.4300000000000002,0.94,0.4900000000000002,0,1.3,1.034,0.4600000000000002,7.9,6,3,0,1.0,-0.12,0.0,0.03,0.06,0,0.0,2.0,0.0417,0.17,0.17,2,2018,Croatia,Nigeria,2,0
2000,1810,190,0.5868,0.2167,0.55,-0.15999999999999992,0.18000000000000005,12.0,1.7389999999999999,1.014,0.7249999999999999,0,2.4050000000000002,0.7332,0.71,17.6,6,6,1,1.2,0.12,-0.108,0.03,0.06,-2928,0.0,-5.0,167.0387,0.18,0.18,0,2018,Argentina,Croatia,0,3
1500,1500,0,0.36,0.28,0.0,0.0,0.0,0.0,1.1,1.1,0.0,1,1.0,1.2100000000000002,0.0,0.0,0,0,0,0.0,0.0,0.0,0.03,0.06,0,0.0,0.0,0.0,0.0,0.0,2,2018,Nigeria,Iceland,2,0
1500,2000,-500,0.0472,0.1133,-0.8500000000000001,0.32000000000000006,-0.35,-16.0,0.78,2.035,-1.2550000000000001,0,1.85,0.8580000000000001,-1.1700000000000002,-25.5,-12,-9,-1,-2.2,0.0,0.108,0.03,0.06,2923,0.0,3.0,-166.7946,-0.35,0.35,0,2018,Nigeria,Argentina,1,2
1500,1810,-310,0.1184,0.1767,-0.30000000000000004,0.16000000000000014,-0.16999999999999993,-4.0,0.94,1.4300000000000002,-0.4900000000000002,0,1.3,1.034,-0.4600000000000002,-7.9,-6,-3,0,-1.0,0.12,0.0,0.03,0.06,2923,0.0,-2.0,-166.8988,-0.17,0.17,0,2018,Iceland,Croatia,1,2
1500,1500,0,0.36,0.28,0.0,0.0,0.0,0.0,1.1,1.1,0.0,1,1.0,1.2100000000000002,0.0,0.0,0,0,0,0.0,0.0,0.0,0.03,0.06,0,0.0,0.0,0.0,0.0,0.0,0,2018,Costa Rica,Serbia,0,1
1930,1790,140,0.5299,0.2333,0.48,-0.1399999999999999,0.15000000000000002,10.0,1.6732,1.04,0.6332,0,2.314,0.752,0.6199999999999999,14.5,5,5,1,0.0,0.0,-0.108,0.03,0.06,-1,0.0,-5.0,-0.047,0.15,0.15,1,2018,Brazil,Switzerland,1,1
1930,1500,430,0.7963,0.1367,0.78,-0.30000000000000004,0.29999999999999993,20.0,1.9580000000000002,0.8,1.1580000000000001,0,1.78,0.8800000000000001,1.08,21.7,10,8,1,0.7,0.0,-0.108,0.03,0.06,-2924,717.9,-3.0,166.9355,0.3,0.3,2,2018,Brazil,Costa Rica,2,0
1500,1790,-290,0.1294,0.1833,-0.30000000000000004,0.16000000000000014,-0.1499999999999999,-10.0,0.94,1.4300000000000002,-0.4900000000000002,0,1.3,1.034,-0.4600000000000002,-7.2,-5,-3,0,-0.7,0.0,0.0,0.0,0.1,2928,-846.5,-2.0,-167.2832,-0.15,0.15,0,2018,Serbia,Switzerland,1,2
1500,1930,-430,0.067,0.1367,-0.78,0.30000000000000004,-0.29999999999999993,-20.0,0.8,1.9580000000000002,-1.1580000000000001,0,1.78,0.8800000000000001,-1.08,-21.7,-10,-8,-1,-0.7,0.0,0.12,0.0,0.1,2919,-1508.9,3.0,-166.7421,-0.3,0.3,0,2018,Serbia,Brazil,0,2
1790,1500,290,0.6872,0.1833,0.30000000000000004,-0.16000000000000014,0.1499999999999999,10.0,1.4300000000000002,0.94,0.4900000000000002,0,1.3,1.034,0.4600000000000002,7.2,5,3,0,0.7,0.0,0.0,0.0,0.1,-2923,846.5,2.0,166.9975,0.15,0.15,1,2018,Switzerland,Costa Rica,2,2
1880,1780,100,0.4822,0.2467,0.2899999999999998,-0.18000000000000005,0.10999999999999999,3.0,1.7712,1.215,0.5562,0,2.214,0.9720000000000001,0.46999999999999986,11.5,5,6,0,0.5,0.0,0.15,0.0,0.1,5,1508.9,6.0,0.0154,0.11,0.11,0,2018,Germany,Mexico,0,1
1800,1730,70,0.4456,0.2567,0.17000000000000015,-0.10000000000000009,0.08999999999999997,-1.0,1.4248,1.128,0.2968000000000002,0,1.6440000000000001,0.9776,0.27000000000000024,7.5,2,1,1,0.2,0.0,0.0,0.0,0.1,4,1481.8,-7.0,-0.1599,0.09,0.09,2,2018,Sweden,South Korea,1,0
1730,1780,-50,0.3157,0.2633,-0.15000000000000013,-0.040000000000000036,-0.010000000000000009,-6.0,1.296,1.4040000000000001,-0.1080000000000001,0,1.62,1.1232000000000002,-0.1100000000000001,1.1,-1,1,0,0.0,0.0,0.15,0.0,0.1,0,0.0,13.0,0.2292,-0.01,0.01,0,2018,South Korea,Mexico,1,2
1880,1800,80,0.4578,0.2533,0.2699999999999998,-0.039999999999999925,0.030000000000000027,10.0,1.5415999999999999,1.233,0.30859999999999976,1,2.2468,0.846,0.3099999999999997,2.9,4,4,-1,0.3,0.0,0.0,0.0,0.1,6,1508.9,0.0,-0.1668,0.03,0.03,2,2018,Germany,Sweden,2,1
1730,1880,-150,0.2284,0.23,-0.43999999999999995,0.14,-0.12,-9.0,1.08,1.7056,-0.6255999999999999,0,1.9679999999999997,0.936,-0.58,-10.4,-6,-5,0,-0.5,0.0,0.0,0.0,0.1,1,0.0,7.0,0.047,-0.12,0.12,2,2018,South Korea,Germany,2,0
1780,1800,-20,0.3424,0.2733,-0.020000000000000018,0.14000000000000012,-0.07999999999999996,7.0,1.269,1.4796000000000002,-0.21060000000000034,0,1.8495000000000004,1.0152,-0.16000000000000014,-8.6,-1,-2,-1,-0.2,0.0,-0.15,0.0,0.1,1,0.0,-6.0,-0.1822,-0.08,0.08,0,2018,Mexico,Sweden,0,3
1860,1610,250,0.6493,0.1967,0.67,-0.23999999999999988,0.18999999999999995,12.0,1.7555999999999998,0.783,0.9725999999999998,0,1.3398,1.026,0.9099999999999999,15.4,11,7,0,0.5,-0.05,0.03,0.0,0.02,3,113.0,7.0,-0.0124,0.19,0.19,2,2018,Belgium,Panama,3,0
1650,1920,-270,0.1413,0.19,-0.7200000000000001,0.20000000000000007,-0.24,-10.0,0.81,1.7820000000000003,-0.9720000000000002,0,1.4580000000000002,0.9900000000000001,-0.9200000000000002,-22.4,-11,-8,-1,-1.0,0.0,-0.02,0.0,0.02,-4,10.200000000000045,0.0,0.2298,-0.24,0.24,0,2018,Tunisia,England,1,2
1860,1650,210,0.6084,0.21,0.64,-0.20000000000000007,0.17999999999999994,8.0,1.6940000000000002,0.81,0.8840000000000001,0,1.3860000000000001,0.9900000000000001,0.8400000000000001,13.1,9,6,0,0.5,-0.05,0.02,0.0,0.02,0,-1974.3,1.0,-0.2095,0.18,0.18,2,2018,Belgium,Tunisia,5,2
1920,1610,310,0.705,0.1767,0.7500000000000001,-0.23999999999999988,0.25,14.0,1.8468,0.783,1.0638,0,1.4094,1.026,0.99,24.7,13,9,1,1.0,0.0,0.03,0.0,0.02,1,0.0,6.0,0.0678,0.25,0.25,2,2018,England,Panama,6,1
1920,1860,60,0.4333,0.26,0.08000000000000007,0.0,0.06000000000000005,2.0,1.4580000000000002,1.3860000000000001,0.07200000000000006,1,2.4948,0.81,0.08000000000000007,9.3,2,2,1,0.5,0.05,0.0,0.0,0.02,4,1964.1,-1.0,-0.0202,0.06,0.06,0,2018,England,Belgium,0,1
1610,1650,-40,0.3246,0.2667,-0.030000000000000027,0.039999999999999813,-0.010000000000000009,-4.0,0.9570000000000001,1.026,-0.06899999999999995,0,0.783,1.254,-0.06999999999999984,-2.3,-2,-1,0,0.0,0.0,-0.01,0.0,0.02,3,-10.200000000000045,-6.0,-0.2976,-0.01,0.01,0,2018,Panama,Tunisia,1,2
1830,1760,70,0.4456,0.2567,0.16999999999999993,-0.040000000000000036,0.030000000000000027,-2.0,1.3916,1.1749999999999998,0.21660000000000013,0,1.775,0.9211999999999999,0.20999999999999996,2.7,3,1,0,0.0,0.0,-0.024,0.0,0.02,3,-10.200000000000045,-14.0,-0.3809,0.03,0.03,0,2018,Colombia,Japan,1,2
1500,1750,-250,0.154,0.1967,-0.21999999999999997,0.07000000000000006,-0.12,-2.0,1.03,1.342,-0.31200000000000006,0,1.22,1.1330000000000002,-0.29000000000000004,5.0,0,0,1,0.0,-0.05,0.02,0.0,0.02,2936,0.0,2.0,-167.5583,-0.12,0.12,0,2018,Poland,Senegal,1,2
1760,1750,10,0.3721,0.2767,0.030000000000000027,-0.050000000000000044,0.019999999999999907,4.0,1.2875,1.1956,0.09190000000000009,0,1.525,1.0094,0.08000000000000007,0.1,-1,0,0,0.5,0.0,0.02,0.0,0.02,2,1974.3,9.0,0.2202,0.02,0.02,1,2018,Japan,Senegal,2,2
1500,1830,-330,0.108,0.17,-0.41999999999999993,0.16000000000000014,-0.16999999999999993,-4.0,0.94,1.562,-0.6220000000000001,0,1.42,1.034,-0.5800000000000001,2.2,-2,-1,1,-0.5,-0.05,0.0,0.0,0.0,2926,-2423.0,7.0,-167.1654,-0.17,0.17,0,2018,Poland,Colombia,0,3
1760,1500,260,0.6591,0.1933,0.25,-0.1200000000000001,0.1399999999999999,6.0,1.375,0.98,0.395,0,1.25,1.078,0.3700000000000001,-4.9,-1,0,-1,0.5,0.05,0.0,0.0,0.0,-2925,2314.8,7.0,167.304,0.14,0.14,0,2018,Japan,Poland,0,1
1750,1830,-80,0.2889,0.2533,-0.19999999999999996,0.09000000000000008,-0.04999999999999993,-2.0,1.1467999999999998,1.4626,-0.3158000000000001,0,1.7324,0.9682,-0.29000000000000004,-2.8,-2,-1,0,-0.5,0.0,0.0,0.0,0.0,-5,-1918.4,5.0,0.1661,-0.05,0.05,0,2018,Senegal,Colombia,0,1
1950,2000,-50,0.3157,0.2633,-0.050000000000000044,0.020000000000000018,-0.07000000000000006,-2.0,1.4040000000000001,1.4800000000000002,-0.07600000000000007,0,3.33,0.6240000000000001,-0.07000000000000006,-1.0,0,0,0,-1.0,0.0,0.0,0.0,0.0,0,0.0,5.0,0.1042,-0.07,0.07,2,2018,France,Argentina,4,3
1820,1910,-90,0.28,0.25,-0.32000000000000006,0.06000000000000005,-0.07000000000000006,6.0,1.1927999999999999,1.566,-0.3732000000000002,0,2.4707999999999997,0.756,-0.3800000000000001,-12.9,-4,-4,-1,-0.3,-0.05,-0.0,0.0,0.0,1,0.0,-5.0,-0.1613,-0.07,0.07,2,2018,Uruguay,Portugal,2,1
1970,1500,470,0.8217,0.1233,0.78,-0.30000000000000004,0.29999999999999993,14.0,1.9580000000000002,0.8,1.1580000000000001,0,1.78,0.8800000000000001,1.08,25.0,12,9,1,1.7,-0.05,0.0,0.0,0.0,-2922,504.6,2.0,166.9006,0.3,0.3,1,2018,Spain,Russia,1,1
1810,1500,310,0.705,0.1767,0.30000000000000004,-0.16000000000000014,0.16999999999999993,4.0,1.4300000000000002,0.94,0.4900000000000002,0,1.3,1.034,0.4600000000000002,-1.2,0,-1,0,0.3,-0.12,0.0,0.0,0.0,-2925,0.0,0.0,166.9714,0.17,0.17,1,2018,Croatia,Denmark,1,1
1930,1780,150,0.5416,0.23,0.42999999999999994,-0.28,0.19999999999999996,5.0,1.9224,1.08,0.8424,0,2.403,0.8640000000000001,0.71,18.4,6,7,1,0.5,0.0,0.0,0.0,0.0,-6,-2314.8,3.0,0.1353,0.2,0.2,2,2018,Brazil,Mexico,2,0
1860,1760,100,0.4822,0.2467,0.29000000000000004,-0.07999999999999996,0.050000000000000044,6.0,1.5092,1.125,0.3842000000000001,0,1.925,0.882,0.37,7.5,5,4,0,-0.5,-0.05,0.0,0.0,0.0,0,-1810.2000000000003,-7.0,-0.2737,0.05,0.05,2,2018,Belgium,Japan,3,2
1800,1790,10,0.3721,0.2767,0.07000000000000006,0.0,0.030000000000000027,-2.0,1.2878,1.222,0.06580000000000008,1,1.7810000000000001,0.8835999999999999,0.07000000000000006,4.7,0,0,1,-0.3,0.0,0.0,0.0,0.0,4,1551.7,0.0,-0.0475,0.03,0.03,2,2018,Sweden,Switzerland,1,0
1830,1920,-90,0.28,0.25,-0.20000000000000018,0.039999999999999925,-0.08000000000000007,-10.0,1.278,1.5228,-0.2447999999999999,0,2.3004000000000002,0.846,-0.2400000000000001,-14.1,-4,-5,-1,0.0,0.0,-0.0,0.0,0.0,-1,0.0,-6.0,-0.0678,-0.08,0.08,1,2018,Colombia,England,1,1
1820,1950,-130,0.2452,0.2367,-0.3800000000000001,0.09999999999999998,-0.09999999999999998,-2.0,1.136,1.62,-0.4840000000000002,0,2.556,0.7200000000000001,-0.4800000000000001,-16.9,-6,-6,-1,-0.5,-0.05,-0.0,0.0,0.0,0,0.0,-5.0,-0.1041,-0.1,0.1,0,2018,Uruguay,France,0,2
1930,1860,70,0.4456,0.2567,0.24,-0.09999999999999998,0.10999999999999999,8.0,1.602,1.2320000000000002,0.3699999999999999,0,2.7412,0.7200000000000001,0.33999999999999997,9.3,2,2,1,0.5,0.05,-0.0,0.0,0.0,-4,-419.39999999999986,-5.0,0.0755,0.11,0.11,0,2018,Brazil,Belgium,1,2
1800,1920,-120,0.2537,0.24,-0.25,0.039999999999999925,-0.07000000000000006,-6.0,1.233,1.5228,-0.28979999999999984,1,2.2194000000000003,0.846,-0.2899999999999999,-9.8,-5,-5,0,-0.3,0.0,0.0,0.0,0.0,-3,-1133.7,1.0,0.06,-0.07,0.07,0,2018,Sweden,England,0,2
1500,1810,-310,0.1184,0.1767,-0.30000000000000004,0.16000000000000014,-0.16999999999999993,-4.0,0.94,1.4300000000000002,-0.4900000000000002,0,1.3,1.034,-0.4600000000000002,-7.9,-6,-3,0,-1.0,0.12,0.0,0.0,0.0,2919,-1133.7,-2.0,-166.8025,-0.17,0.17,1,2018,Russia,Croatia,1,1
1950,1860,90,0.47,0.25,0.26,-0.09999999999999998,0.08999999999999997,2.0,1.62,1.2320000000000002,0.3879999999999999,1,2.7720000000000002,0.7200000000000001,0.36,12.1,4,3,1,1.0,0.05,0.0,0.0,0.0,-1,0.0,0.0,0.0572,0.09,0.09,2,2018,France,Belgium,1,0
1810,1920,-110,0.2624,0.2433,-0.32000000000000006,0.039999999999999925,-0.08000000000000007,-10.0,1.1700000000000002,1.5228,-0.3527999999999998,1,2.1060000000000003,0.846,-0.36,-13.8,-4,-5,-1,0.3,-0.12,0.0,0.0,0.0,-1,0.0,1.0,0.078,-0.08,0.08,1,2018,Croatia,England,1,1
1860,1920,-60,0.3067,0.26,-0.08000000000000007,0.0,-0.06000000000000005,-2.0,1.3860000000000001,1.4580000000000002,-0.07200000000000006,1,2.4948,0.81,-0.08000000000000007,-9.3,-2,-2,-1,-0.5,-0.05,0.0,0.0,0.0,2,419.39999999999986,1.0,-0.0446,-0.06,0.06,2,2018,Belgium,England,2,0
1950,1810,140,0.5299,0.2333,0.5,-0.1399999999999999,0.10999999999999999,10.0,1.692,1.04,0.6519999999999999,1,2.3400000000000003,0.752,0.6399999999999999,16.6,6,6,1,0.2,0.12,0.0,0.0,0.0,-2,-1127.9,0.0,-0.0173,0.11,0.11,2,2018,France,Croatia,4,2
1590,1710,-120,0.2537,0.24,-0.30000000000000016,0.20999999999999996,-0.13,-3.0,0.8528,1.4000000000000001,-0.5472000000000001,0,0.9184,1.3,-0.5100000000000001,-4.2,-6,-1,0,-0.3,0.0,0.18,0.15,0.0,0,0.0,8.0,0.1667,-0.13,0.13,0,2022,Qatar,Ecuador,0,2
1750,1900,-150,0.2284,0.23,-0.3800000000000001,0.13,-0.09999999999999998,-7.0,1.098,1.6480000000000001,-0.55,0,1.952,0.927,-0.5100000000000001,-15.5,-5,-5,-1,-1.0,0.0,-0.15,0.15,0.0,0,0.0,-2.0,-0.0417,-0.1,0.1,0,2022,Senegal,Netherlands,0,2
1590,1750,-160,0.2202,0.2267,-0.4,0.21999999999999997,-0.19000000000000006,-3.0,0.8446,1.525,-0.6803999999999999,0,1.0004,1.2875,-0.62,-8.6,-9,-3,0,-0.5,0.0,0.15,0.15,0.0,0,0.0,3.0,0.0625,-0.19,0.19,0,2022,Qatar,Senegal,1,3
1900,1710,190,0.5868,0.2167,0.48,-0.14,0.16000000000000003,7.0,1.6640000000000001,1.0080000000000002,0.6559999999999999,0,1.7920000000000003,0.936,0.62,19.9,8,7,1,1.2,0.0,0.18,0.15,0.0,0,0.0,7.0,0.1459,0.16,0.16,1,2022,Netherlands,Ecuador,1,1
1710,1750,-40,0.3246,0.2667,-0.09999999999999987,0.010000000000000009,-0.06000000000000005,0.0,1.1536000000000002,1.2688,-0.11519999999999975,0,1.3664,1.0712000000000002,-0.10999999999999988,-4.4,-3,-2,0,-0.2,0.0,-0.03,0.15,0.0,0,0.0,-5.0,-0.1042,-0.06,0.06,0,2022,Ecuador,Senegal,1,2
1900,1590,310,0.705,0.1767,0.7800000000000001,-0.35,0.29000000000000004,10.0,2.0,0.738,1.262,0,1.312,1.125,1.1300000000000001,24.1,14,8,1,1.5,0.0,0.0,0.15,0.0,1302,0.0,-1.0,-74.2494,0.29,0.29,2,2022,Netherlands,Qatar,2,0
1920,1690,230,0.6292,0.2033,0.7000000000000001,-0.16000000000000003,0.21000000000000008,10.0,1.7172000000000003,0.8280000000000001,0.8892000000000002,0,1.4904000000000002,0.9540000000000001,0.8600000000000001,22.0,10,8,1,1.0,0.05,0.0,0.15,0.0,0,0.0,-2.5,-0.0521,0.21,0.21,2,2022,England,Iran,6,2
1780,1500,280,0.678,0.1867,0.3700000000000001,-0.040000000000000036,0.10999999999999999,9.0,1.5070000000000003,1.06,0.4470000000000003,0,1.37,1.1660000000000001,0.41000000000000014,6.3,4,3,0,0.2,-0.05,-0.225,0.15,0.0,-1310,0.0,-5.0,74.5815,0.11,0.11,1,2022,USA,Wales,1,1
1500,1690,-190,0.1966,0.2167,0.07999999999999996,0.040000000000000036,-0.039999999999999925,-4.0,1.06,1.0120000000000002,0.04799999999999982,0,0.92,1.1660000000000001,0.039999999999999925,0.3,0,0,0,0.3,0.05,0.0,0.15,0.0,0,0.0,-3.5,-0.0729,-0.04,0.04,0,2022,Wales,Iran,0,2
1920,1780,140,0.5299,0.2333,0.25,-0.16000000000000003,0.14,5.0,1.7172000000000003,1.233,0.4842000000000002,0,2.2194000000000003,0.9540000000000001,0.41000000000000003,15.4,6,5,1,0.5,0.05,0.15,0.08,0.02,1306,-476.6,6.0,-74.3878,0.14,0.14,1,2022,England,USA,0,0
1500,1920,-420,0.0704,0.14,-0.6200000000000001,0.20000000000000007,-0.25,-14.0,0.9,1.7820000000000003,-0.8820000000000002,0,1.62,0.9900000000000001,-0.8200000000000002,-21.7,-10,-8,-1,-0.7,0.0,0.0,0.08,0.02,0,0.0,-1.0,-0.0208,-0.25,0.25,0,2022,Wales,England,0,3
1690,1780,-90,0.28,0.25,-0.45000000000000007,0.0,-0.07000000000000006,-5.0,0.9752000000000001,1.4522000000000002,-0.4770000000000001,0,1.2604000000000002,1.1236000000000002,-0.45000000000000007,-6.6,-4,-3,0,-0.5,0.0,0.15,0.08,0.02,1302,-476.6,8.5,-74.1071,-0.07,0.07,0,2022,Iran,USA,0,1
2000,1640,360,0.7461,0.16,0.93,-0.34999999999999987,0.35,12.0,2.0905,0.7176,1.3729,0,1.7020000000000002,0.8814,1.2799999999999998,27.8,14,10,1,2.2,0.0,-0.12,0.08,0.02,0,0.0,-6.0,-0.125,0.35,0.35,0,2022,Argentina,Saudi Arabia,1,2
1780,1500,280,0.678,0.1867,0.3500000000000001,-0.020000000000000018,0.09999999999999998,15.0,1.4850000000000003,1.08,0.40500000000000025,0,1.35,1.1880000000000002,0.3700000000000001,-6.5,0,-1,-1,0.0,0.05,-0.15,0.08,0.02,-1307,476.6,-8.0,74.4032,0.1,0.1,1,2022,Mexico,Poland,0,0
1500,1640,-140,0.2367,0.2333,0.07999999999999996,-0.029999999999999805,0.0,-4.0,1.13,1.0120000000000002,0.11799999999999966,0,0.92,1.2429999999999999,0.10999999999999976,12.1,6,3,1,0.2,-0.05,0.0,0.08,0.02,0,0.0,-1.0,-0.0208,0.0,0.0,2,2022,Poland,Saudi Arabia,2,0
2000,1780,220,0.6189,0.2067,0.5,-0.30000000000000004,0.25,1.0,1.9980000000000002,1.0530000000000002,0.9450000000000001,0,2.4975000000000005,0.8424,0.8,22.2,8,8,1,2.0,0.0,0.03,0.08,0.02,1303,-476.6,3.0,-74.2788,0.25,0.25,2,2022,Argentina,Mexico,2,0
1500,2000,-500,0.0472,0.1133,-0.8500000000000001,0.32000000000000006,-0.35,-16.0,0.78,2.035,-1.2550000000000001,0,1.85,0.8580000000000001,-1.1700000000000002,-15.7,-8,-7,0,-2.0,-0.05,0.12,0.08,0.02,0,0.0,5.0,0.1042,-0.35,0.35,0,2022,Poland,Argentina,0,2
1640,1780,-140,0.2367,0.2333,-0.43000000000000005,0.04999999999999982,-0.09999999999999998,-11.0,0.9936000000000001,1.5254999999999999,-0.5318999999999997,0,1.2420000000000002,1.2204,-0.47999999999999987,-5.6,-6,-2,0,-0.2,0.0,0.15,0.08,0.02,-5,-476.6,9.0,0.4177,-0.1,0.1,0,2022,Saudi Arabia,Mexico,1,2
1500,1650,-150,0.2284,0.23,0.09999999999999998,0.0,-0.010000000000000009,-4.0,1.1,0.9900000000000001,0.10999999999999999,0,0.9,1.2100000000000002,0.09999999999999998,9.8,7,4,0,1.0,0.0,0.09,0.03,0.06,1311,-640.8,1.0,-74.7968,-0.01,0.01,1,2022,Denmark,Tunisia,0,0
1950,1670,280,0.678,0.1867,0.8200000000000001,-0.28,0.25,10.0,1.9440000000000002,0.784,1.1600000000000001,0,1.764,0.8640000000000001,1.1,24.5,12,9,1,1.2,0.0,0.0,0.03,0.06,-2,-77.10000000000002,-8.0,0.0219,0.25,0.25,2,2022,France,Australia,4,1
1650,1670,-20,0.3424,0.2733,-0.07999999999999996,0.020000000000000018,-0.019999999999999907,0.0,0.9720000000000001,1.078,-0.10599999999999998,0,0.882,1.1880000000000002,-0.09999999999999998,-0.7,-1,0,0,-0.3,0.0,-0.09,0.03,0.06,-1,-77.10000000000002,-9.0,-0.056,-0.02,0.02,0,2022,Tunisia,Australia,0,1
1950,1500,450,0.8093,0.13,0.8,-0.30000000000000004,0.2799999999999999,14.0,1.9800000000000002,0.8,1.1800000000000002,0,1.8,0.8800000000000001,1.1,15.4,6,5,1,0.5,0.0,0.0,0.03,0.06,-1308,640.8,0.0,74.6462,0.28,0.28,2,2022,France,Denmark,2,1
1670,1500,170,0.5645,0.2233,-0.020000000000000018,-0.020000000000000018,0.029999999999999916,4.0,1.078,1.08,-0.0020000000000000018,0,0.98,1.1880000000000002,0.0,-9.1,-6,-4,0,-0.7,0.0,0.0,0.03,0.06,-1302,717.9,8.0,74.3956,0.03,0.03,2,2022,Australia,Denmark,1,0
1650,1950,-300,0.1238,0.18,-0.9,0.30000000000000004,-0.2699999999999999,-10.0,0.7200000000000001,1.9800000000000002,-1.2600000000000002,0,1.62,0.8800000000000001,-1.2000000000000002,-25.2,-13,-9,-1,-1.5,0.0,-0.09,0.03,0.06,1,0.0,-1.0,-0.078,-0.27,0.27,2,2022,Tunisia,France,1,0
1880,1760,120,0.5063,0.24,0.3899999999999999,-0.07999999999999996,0.07000000000000006,12.0,1.6072,1.125,0.48219999999999996,0,2.05,0.882,0.46999999999999986,9.9,6,5,0,0.0,0.0,0.0,0.03,0.06,0,77.10000000000002,-7.0,-0.0743,0.07,0.07,0,2022,Germany,Japan,1,2
1970,1500,470,0.8217,0.1233,0.78,-0.30000000000000004,0.29999999999999993,14.0,1.9580000000000002,0.8,1.1580000000000001,0,1.78,0.8800000000000001,1.08,25.0,12,9,1,1.7,-0.05,0.0,0.03,0.06,-1310,640.8,2.0,74.8021,0.3,0.3,2,2022,Spain,Costa Rica,7,0
1760,1500,260,0.6591,0.1933,0.25,-0.1200000000000001,0.1399999999999999,6.0,1.375,0.98,0.395,0,1.25,1.078,0.3700000000000001,4.9,3,2,0,0.7,0.0,0.0,0.03,0.06,-1305,640.8,9.0,74.5998,0.14,0.14,0,2022,Japan,Costa Rica,0,1
1970,1880,90,0.47,0.25,0.14000000000000012,-0.09999999999999998,0.08999999999999997,-4.0,1.602,1.312,0.29000000000000004,1,2.9192,0.7200000000000001,0.2400000000000001,10.2,3,2,1,1.0,-0.05,0.0,0.0,0.1,-1,-27.100000000000136,0.0,0.054,0.09,0.09,1,2022,Spain,Germany,1,1
1760,1970,-210,0.1816,0.21,-0.53,0.17999999999999994,-0.16000000000000003,-8.0,1.0,1.7444,-0.7444,0,2.225,0.784,-0.71,-20.1,-9,-7,-1,-1.0,0.05,0.0,0.0,0.1,1,0.0,7.0,0.047,-0.16,0.16,2,2022,Japan,Spain,2,1
1500,1880,-380,0.0854,0.1533,-0.6399999999999999,0.20000000000000007,-0.20999999999999996,-18.0,0.9,1.804,-0.904,0,1.64,0.9900000000000001,-0.84,-14.8,-9,-7,0,-0.7,0.0,0.0,0.0,0.1,1301,-1508.9,-2.0,-74.3891,-0.21,0.21,0,2022,Costa Rica,Germany,2,4
1840,1810,30,0.3964,0.27,0.020000000000000018,-0.05999999999999994,0.010000000000000009,0.0,1.2408,1.1440000000000001,0.09679999999999978,0,1.7160000000000002,0.8271999999999999,0.07999999999999996,1.3,-1,1,0,0.2,0.12,-0.1,0.0,0.1,-3,-846.5,-1.0,0.0518,0.01,0.01,1,2022,Morocco,Croatia,0,0
1860,1740,120,0.5063,0.24,0.32000000000000006,-0.20000000000000007,0.10999999999999999,12.0,1.6940000000000002,1.098,0.5960000000000001,0,1.8788,0.9900000000000001,0.5200000000000001,8.4,6,4,0,0.0,0.0,0.15,0.0,0.1,4,635.3,7.0,-0.0086,0.11,0.11,2,2022,Belgium,Canada,1,0
1860,1840,20,0.3842,0.2733,0.21999999999999997,0.020000000000000018,0.010000000000000009,8.0,1.3552,1.1880000000000002,0.1671999999999998,0,2.0328,0.792,0.19999999999999996,3.2,3,2,0,-1.0,-0.05,0.1,0.0,0.1,5,1481.8,1.0,-0.092,0.01,0.01,0,2022,Belgium,Morocco,0,2
1810,1740,70,0.4456,0.2567,0.08000000000000007,-0.16000000000000014,0.08999999999999997,4.0,1.4300000000000002,1.1467999999999998,0.28320000000000034,0,1.586,1.034,0.2400000000000002,3.9,4,1,0,0.8,-0.07,0.15,0.0,0.1,2,0.0,7.0,0.0315,0.09,0.09,2,2022,Croatia,Canada,4,1
1810,1860,-50,0.3157,0.2633,-0.24,0.039999999999999925,-0.020000000000000018,-8.0,1.1700000000000002,1.4476,-0.27759999999999985,1,2.0020000000000002,0.846,-0.2799999999999999,-4.5,-2,-3,0,0.8,-0.07,0.0,0.0,0.1,-2,-635.3,0.0,0.0401,-0.02,0.02,1,2022,Croatia,Belgium,0,0
1740,1840,-100,0.2712,0.2467,-0.10000000000000009,0.22000000000000008,-0.09999999999999998,-4.0,1.0735999999999999,1.4520000000000002,-0.3784000000000003,0,1.6104,0.9680000000000001,-0.3200000000000002,-5.2,-3,-2,0,-1.0,-0.05,-0.05,0.0,0.1,1,846.5,-6.0,-0.0834,-0.1,0.1,0,2022,Canada,Morocco,1,2
1790,1500,290,0.6872,0.1833,0.30000000000000004,-0.16000000000000014,0.1499999999999999,10.0,1.4300000000000002,0.94,0.4900000000000002,0,1.3,1.034,0.4600000000000002,7.2,5,3,0,0.7,0.0,0.0,0.0,0.02,-1312,1964.1,2.0,75.0708,0.15,0.15,2,2022,Switzerland,Cameroon,1,0
1930,1500,430,0.7963,0.1367,0.78,-0.30000000000000004,0.29999999999999993,20.0,1.9580000000000002,0.8,1.1580000000000001,0,1.78,0.8800000000000001,1.08,21.7,10,8,1,0.7,0.0,-0.024,0.0,0.02,-1314,1974.3,-3.0,75.0822,0.3,0.3,2,2022,Brazil,Serbia,2,0
1500,1500,0,0.36,0.28,0.0,0.0,0.0,0.0,1.1,1.1,0.0,1,1.0,1.2100000000000002,0.0,0.0,0,0,0,0.0,0.0,0.0,0.0,0.02,0,0.0,0.0,0.0,0.0,0.0,1,2022,Cameroon,Serbia,3,3
1930,1790,140,0.5299,0.2333,0.48,-0.1399999999999999,0.15000000000000002,10.0,1.6732,1.04,0.6332,0,2.314,0.752,0.6199999999999999,14.5,5,5,1,0.0,0.0,-0.024,0.0,0.02,-2,10.200000000000045,-5.0,0.0113,0.15,0.15,2,2022,Brazil,Switzerland,1,0
1500,1790,-290,0.1294,0.1833,-0.30000000000000004,0.16000000000000014,-0.1499999999999999,-10.0,0.94,1.4300000000000002,-0.4900000000000002,0,1.3,1.034,-0.4600000000000002,-7.2,-5,-3,0,-0.7,0.0,0.0,0.0,0.02,1304,-1964.1,-2.0,-74.6137,-0.15,0.15,0,2022,Serbia,Switzerland,2,3
1500,1930,-430,0.067,0.1367,-0.78,0.30000000000000004,-0.29999999999999993,-20.0,0.8,1.9580000000000002,-1.1580000000000001,0,1.78,0.8800000000000001,-1.08,-21.7,-10,-8,-1,-0.7,0.0,0.024,0.0,0.02,1306,-1974.3,3.0,-74.625,-0.3,0.3,2,2022,Cameroon,Brazil,1,0
1820,1730,90,0.47,0.25,0.21999999999999997,-0.14,0.08999999999999997,3.0,1.4768,1.08,0.3967999999999998,0,1.704,0.936,0.36,3.2,3,1,0,0.5,-0.05,-0.024,0.0,0.02,-3,-1974.3,-12.0,-0.2256,0.09,0.09,1,2022,Uruguay,South Korea,0,0
1910,1660,250,0.6493,0.1967,0.77,-0.2600000000000001,0.2300000000000001,4.0,1.9140000000000001,0.8148,1.0992000000000002,0,1.6878,0.924,1.0300000000000002,20.5,10,7,1,1.0,0.0,0.02,0.0,0.02,1,0.0,2.0,-0.0155,0.23,0.23,2,2022,Portugal,Ghana,3,2
1730,1660,70,0.4456,0.2567,0.22999999999999998,-0.06000000000000005,0.07000000000000006,7.0,1.32,1.0088,0.31120000000000014,0,1.164,1.1440000000000001,0.29000000000000004,4.4,3,2,0,0.2,0.0,0.02,0.0,0.02,-1,10.200000000000045,9.0,0.1625,0.07,0.07,0,2022,South Korea,Ghana,2,3
1910,1820,90,0.47,0.25,0.32000000000000006,-0.06000000000000005,0.07000000000000006,-6.0,1.566,1.1927999999999999,0.3732000000000002,0,2.4707999999999997,0.756,0.3800000000000001,12.9,4,4,1,0.3,0.05,0.0,0.0,0.0,-1,0.0,5.0,0.1613,0.07,0.07,2,2022,Portugal,Uruguay,2,0
1660,1820,-160,0.2202,0.2267,-0.44999999999999996,0.20000000000000007,-0.16000000000000003,-10.0,0.873,1.562,-0.6890000000000001,0,1.3774,0.9900000000000001,-0.65,-7.6,-6,-3,0,-0.7,0.05,0.0,0.0,0.0,-1,-504.6,3.0,0.0608,-0.16,0.16,0,2022,Ghana,Uruguay,0,2
1730,1910,-180,0.2043,0.22,-0.54,0.20000000000000007,-0.16000000000000003,3.0,1.008,1.8096,-0.8016000000000001,0,2.088,0.8736,-0.7400000000000001,-16.1,-7,-5,-1,-0.8,0.0,0.0,0.0,0.0,4,1810.2000000000003,7.0,0.0452,-0.16,0.16,2,2022,South Korea,Portugal,2,1
1900,1780,120,0.5063,0.24,0.22999999999999998,-0.16000000000000003,0.10999999999999999,0.0,1.6960000000000002,1.233,0.4630000000000001,0,2.192,0.9540000000000001,0.39,14.0,5,4,1,1.0,0.05,0.0,0.0,0.0,-1,0.0,7.0,0.203,0.11,0.11,2,2022,Netherlands,USA,3,1
2000,1670,330,0.722,0.17,0.8700000000000001,-0.30000000000000004,0.32000000000000006,12.0,1.9980000000000002,0.7644,1.2336000000000003,0,1.813,0.8424,1.1700000000000002,25.5,12,9,1,2.2,0.0,-0.0,0.0,0.0,-3,-1810.2000000000003,-13.0,-0.2064,0.32,0.32,2,2022,Argentina,Australia,2,1
1950,1500,450,0.8093,0.13,0.8,-0.30000000000000004,0.2799999999999999,14.0,1.9800000000000002,0.8,1.1800000000000002,0,1.8,0.8800000000000001,1.1,14.7,8,7,0,1.0,0.05,0.0,0.0,0.0,-1306,504.6,0.0,74.516,0.28,0.28,2,2022,France,Poland,3,1
1920,1750,170,0.5645,0.2233,0.40000000000000013,-0.13,0.13,12.0,1.6686,1.098,0.5706,0,1.9764000000000002,0.927,0.5300000000000001,16.9,6,6,1,0.5,0.0,0.0,0.0,0.0,0,-504.6,1.0,-0.038,0.13,0.13,2,2022,England,Senegal,3,0
1760,1810,-50,0.3157,0.2633,-0.050000000000000044,0.040000000000000036,-0.030000000000000027,2.0,1.1749999999999998,1.274,-0.0990000000000002,0,1.625,0.9211999999999999,-0.09000000000000008,-3.0,-3,-1,0,-0.3,0.12,0.0,0.0,0.0,3,2314.8,7.0,0.1611,-0.03,0.03,1,2022,Japan,Croatia,1,1
1930,1730,200,0.5977,0.2133,0.5800000000000001,-0.24,0.20999999999999996,11.0,1.8512000000000002,0.96,0.8912000000000002,0,2.136,0.8320000000000001,0.8200000000000001,17.3,7,6,1,0.5,0.0,-0.0,0.0,0.0,0,0.0,-12.0,-0.1666,0.21,0.21,2,2022,Brazil,South Korea,4,1
1840,1970,-130,0.2452,0.2367,-0.45999999999999996,0.07999999999999996,-0.12,-10.0,1.056,1.5664,-0.5104,0,2.3496,0.7040000000000001,-0.5399999999999999,-15.8,-7,-5,-1,-0.5,0.05,0.0,0.0,0.0,-4,-419.39999999999986,-1.0,0.1588,-0.12,0.12,1,2022,Morocco,Spain,0,0
1910,1790,120,0.5063,0.24,0.43999999999999995,-0.09999999999999998,0.10000000000000009,-4.0,1.6356,1.092,0.5435999999999999,1,2.262,0.7896,0.5399999999999999,13.3,5,4,1,0.3,0.0,0.0,0.0,0.0,1,419.39999999999986,0.0,-0.0082,0.1,0.1,2,2022,Portugal,Switzerland,6,1
1810,1930,-120,0.2537,0.24,-0.48,0.1399999999999999,-0.13,-16.0,1.04,1.6732,-0.6332,0,2.314,0.752,-0.6199999999999999,-13.8,-4,-5,-1,0.3,-0.12,0.0,0.0,0.0,1,0.0,5.0,0.047,-0.13,0.13,1,2022,Croatia,Brazil,0,0
1900,2000,-100,0.2712,0.2467,-0.25,0.12,-0.13,-7.0,1.2480000000000002,1.665,-0.4169999999999998,0,2.9600000000000004,0.7020000000000001,-0.37,-5.2,-3,-2,0,-1.0,0.0,0.0,0.0,0.0,-4,-1553.1,5.0,0.1515,-0.13,0.13,1,2022,Netherlands,Argentina,2,2
1840,1910,-70,0.2978,0.2567,-0.41999999999999993,0.040000000000000036,-0.07000000000000006,-2.0,1.1088,1.5312,-0.4223999999999999,0,2.2968,0.7392,-0.45999999999999996,-11.3,-5,-3,-1,0.2,0.0,0.0,0.0,0.0,-2,-419.39999999999986,-1.0,0.0445,-0.07,0.07,2,2022,Morocco,Portugal,1,0
1920,1950,-30,0.3336,0.27,-0.17999999999999994,0.09999999999999998,-0.029999999999999916,0.0,1.2960000000000003,1.62,-0.32399999999999984,1,2.9160000000000004,0.7200000000000001,-0.2799999999999999,-2.8,-2,-1,0,-0.5,0.0,0.0,0.0,0.0,-1,-419.39999999999986,-1.0,-0.0126,-0.03,0.03,0,2022,England,France,1,2
2000,1810,190,0.5868,0.2167,0.55,-0.15999999999999992,0.18000000000000005,12.0,1.7389999999999999,1.014,0.7249999999999999,0,2.4050000000000002,0.7332,0.71,17.6,6,6,1,1.2,0.12,-0.0,0.0,0.0,2,419.39999999999986,-5.0,-0.1695,0.18,0.18,2,2022,Argentina,Croatia,3,0
1950,1840,110,0.4943,0.2433,0.48,-0.07999999999999996,0.09999999999999998,10.0,1.584,1.056,0.528,0,2.3760000000000003,0.7040000000000001,0.5599999999999999,15.3,7,5,1,0.0,0.0,0.0,0.0,0.0,-1,-1133.7,1.0,-0.0543,0.1,0.1,2,2022,France,Morocco,2,0
1810,1840,-30,0.3336,0.27,-0.020000000000000018,0.05999999999999994,-0.010000000000000009,0.0,1.1440000000000001,1.2408,-0.09679999999999978,0,1.7160000000000002,0.8271999999999999,-0.07999999999999996,-1.3,1,-1,0,-0.2,-0.12,0.0,0.0,0.0,1,0.0,1.0,-0.0363,-0.01,0.01,2,2022,Croatia,Morocco,2,1
2000,1950,50,0.421,0.2633,0.050000000000000044,-0.020000000000000018,0.07000000000000006,2.0,1.4800000000000002,1.4040000000000001,0.07600000000000007,0,3.33,0.6240000000000001,0.07000000000000006,1.0,0,0,0,1.0,0.0,-0.0,0.0,0.0,4,1552.9,-5.0,-0.1515,0.07,0.07,1,2022,Argentina,France,2,2
